<?xml version="1.0" encoding="UTF-8"?>
<!DOCTYPE log4j:configuration SYSTEM "log4j.dtd">

<log4j:configuration xmlns:log4j="http://jakarta.apache.org/log4j/" debug="false">

  <appender name="CONSOLE" class="org.apache.log4j.ConsoleAppender">
    <layout class="org.apache.log4j.PatternLayout">
      <param name="ConversionPattern" value="%d %-5p [%c] [%t] %m%n" />
    </layout>
  </appender>

  <category name="org">
    <priority value="WARN" />
  </category>  
  
  <category name="org.jumpmind">
    <priority value="INFO" />
  </category>
  
  <category name="org.springframework">
    <priority value="ERROR" />
  </category>
  
  <!-- Enable this to see extract output
  <category name="org.jumpmind.symmetric.extract.csv">
    <priority value="DEBUG" />
  </category>
   -->

  <root>
    <priority value="INFO" />
    <appender-ref ref="CONSOLE" />
  </root>

</log4j:configuration>
